title,url,thumbnail,channel,description
"""Look at me when I'm talking to you"" üò≥ | Neville & Redknapp get HEATED!",https://www.youtube.com/watch?v=SFjGE4QXYqk,https://i.ytimg.com/vi/SFjGE4QXYqk/hqdefault.jpg?sqp=-oaymwEcCPYBEIoBSFXyq4qpAw4IARUAAIhCGAFwAcABBg==&rs=AOn4CLBF1mU_C5bJkfp-iSrcuvSdcjYP8w,Sky Sports Premier League,SUBSCRIBE ‚ñ∫ https://bit.ly/SubscribeSkySportsPL PREMIER LEAGUE HIGHLIGHTS ‚ñ∫ http://bit.ly/SkySportsPLHighlights2223 Things get heated between Gary Neville and Jamie Redknapp as they break...
"SIDEMEN $100,000 VS $100 ROAD TRIP (USA EDITION)",https://www.youtube.com/watch?v=9-uv5_KHIvA,https://i.ytimg.com/vi/9-uv5_KHIvA/hqdefault.jpg?sqp=-oaymwEcCPYBEIoBSFXyq4qpAw4IARUAAIhCGAFwAcABBg==&rs=AOn4CLBCu7ZatSdiPayYoKb7CHWrX6lOjg,Sidemen,"SIDEMEN $100 VS $100,000 USA ROAD TRIP...join us for the journey of a lifetime! THE OFFICIAL SIDEMEN TRADING CARDS: http://sidecards.com/ üçó: Order food NOW at: https://www.eatsides.com/..."
I Made a Number One Hit Song,https://www.youtube.com/shorts/1Y1Kcfog3KU,https://i.ytimg.com/vi/1Y1Kcfog3KU/hq720_2.jpg?sqp=-oaymwEdCJUDENAFSFXyq4qpAw8IARUAAIhCcAHAAQbQAQE=&rs=AOn4CLBSJVmeluw10asW9-kJySE-pTG1mw,MrBeast Shorts,lol mom i made it
"""Leopards don't change their spots"" - Roy Keane on Manchester United players",https://www.youtube.com/watch?v=bHpYksw29C8,https://i.ytimg.com/vi/bHpYksw29C8/hqdefault.jpg?sqp=-oaymwEcCPYBEIoBSFXyq4qpAw4IARUAAIhCGAFwAcABBg==&rs=AOn4CLC4IvXW9rgsl_sW9QqYPu9tpTjqPg,Sky Sports Retro,‚ñ∫ Subscribe to Sky Sports Retro: http://bit.ly/SkySportsRetroSub Roy Keane criticising the attitude of Manchester United players & discussing the changes needed at the club in April 2019....
Brentford vs Manchester United LIVE Stream Watchalong with Mark Goldbridge,https://www.youtube.com/watch?v=n3bctXEeW5Q,https://i.ytimg.com/vi/n3bctXEeW5Q/hqdefault.jpg?sqp=-oaymwEcCPYBEIoBSFXyq4qpAw4IARUAAIhCGAFwAcABBg==&rs=AOn4CLA7ncol4b0SmVJpCIadVx82oKuvyw,The United Stand,Brentford vs Manchester United live watchalong with Mark Goldbridge as the Erik Ten Hag looks for his first Premier League win at Brenford. Get the latest Man Utd Transfer News on The United...
SWARMZ - KSI DISS TRACK [MUSIC VIDEO],https://www.youtube.com/watch?v=51rMDPJyhZI,https://i.ytimg.com/vi/51rMDPJyhZI/hqdefault.jpg?sqp=-oaymwEcCPYBEIoBSFXyq4qpAw4IARUAAIhCGAFwAcABBg==&rs=AOn4CLBE4qneVmGAhyEzZouBZqM11K31jA,Swarmz,Recorded Shot & Edited in 5hours! Visuals By Kaylum - www.instagram.com/kaylumdennis Co-Directed By DirectorKAY - wwwinstagram.com/d1rector.kay Creative Producer PDM.
100 Kids vs 1 Pro,https://www.youtube.com/watch?v=fqq9TSkSe2U,https://i.ytimg.com/vi/fqq9TSkSe2U/hqdefault.jpg?sqp=-oaymwEcCPYBEIoBSFXyq4qpAw4IARUAAIhCGAFwAcABBg==&rs=AOn4CLA4ITm0hk4DJDlRu7XuagRR1hXWUg,Beast Reacts,SUBSCRIBE OR YOU'LL HAVE BAD LUCK CHECK OUT THESE CHANNELS OR ELSE ABC https://www.youtube.com/watch?v=GkbAcwYix7I WhistlinDiesel https://www.youtube.com/watch?v=efsfpz-xJEs Fire Dept....
How many pumps does it take for a basketball to blow up,https://www.youtube.com/shorts/jtwfA24us80,,Jesser,
GOLDBRIDGE! Brentford 4-0 Manchester United Match Reaction,https://www.youtube.com/watch?v=dGS78GN6Gcg,,The United Stand,Brentford 4-0 Manchester United! Mark Goldbridge reacts to another Erik Ten Hag defeat in charge of United. Get the latest Man Utd news on The United Stand. Player Ratings Vote here https://www.the...
Tobi Has Street Cred,https://www.youtube.com/shorts/vGvea1gryQ8,,SidemenShorts,üçó: Order food NOW at: https://www.eatsides.com/ üé•: Access exclusive content at: https://www.sideplus.com/ üçπ: XIX Vodka: https://www.xixvodka.com/ üëâüèª: Subscribe to our Reacts...
